{
  "When": {
    "KL_raw": 13.531168667705987,
    "JSD": 0.6922862885828136,
    "Spearman_rho": -0.15435139573070608,
    "TopK_Jaccard": 0.25,
    "H_output_before": 0.5475034537552264,
    "H_output_after": 0.005066091611930491,
    "Delta_H_output": -0.5424373621432959,
    "Attn_H_before": 1.6155987135036134,
    "Attn_H_after": 2.242534021446557,
    "Delta_Attn_H": 0.6269353079429436,
    "Attn_PerHead_JSD": [
      0.11958834626978787,
      0.18272744177380312,
      0.47621544179146047,
      0.2866532924216304
    ],
    "Corpus_Familiarity": 0.3333333333333333,
    "Char_Coverage": 0.9047619047619048,
    "KL_normalized": 4.5103895559019955,
    "Gen_Unique_Before": 1.0,
    "Gen_Unique_After": 1.0,
    "Gen_EditDist_Before": 0.5088888888888888,
    "Gen_EditDist_After": 0.43111111111111106,
    "Delta_Diversity": -0.07777777777777778,
    "Gen_FirstChar_H_Before": -0.0,
    "Gen_FirstChar_H_After": -0.0,
    "Window_Base": "k in my career.",
    "Window_After": " did this start",
    "Tokens_Base": [
      7,
      15,
      0,
      13,
      18,
      0,
      17,
      26,
      0,
      7,
      5,
      21,
      9,
      9,
      21,
      1
    ],
    "Tokens_After": [
      18,
      0,
      8,
      13,
      8,
      0,
      23,
      12,
      13,
      22,
      0,
      22,
      23,
      5,
      21,
      23
    ],
    "Context_Survival_Base": 0.5925925925925926,
    "Context_Survival_After": 0.34782608695652173,
    "Sample_Continuations_Base": [
      "pppn wppn wwwdwwwwwd",
      "ppn wwwwwwwwwwwwdwwd",
      "ppppppppppn wwwwwwwd"
    ],
    "Sample_Continuations_After": [
      "uck wpn wwk wwwwwwan",
      "uck wppn wpn wppn ww",
      "uck wwwdwwpppn wwwwp"
    ]
  },
  "Why": {
    "KL_raw": 21.952047884646337,
    "JSD": 0.6927082895295655,
    "Spearman_rho": -0.24958949096880134,
    "TopK_Jaccard": 0.0,
    "H_output_before": 0.5475034537552264,
    "H_output_after": 0.0048812486446950295,
    "Delta_H_output": -0.5426222051105313,
    "Attn_H_before": 1.6155987135036134,
    "Attn_H_after": 2.392060602070409,
    "Delta_Attn_H": 0.7764618885667955,
    "Attn_PerHead_JSD": [
      0.06552242815743445,
      0.17058604588833715,
      0.4432685409401824,
      0.28684516900059953
    ],
    "Corpus_Familiarity": 0.5268817204301075,
    "Char_Coverage": 0.9393939393939394,
    "KL_normalized": 11.566132756426564,
    "Gen_Unique_Before": 1.0,
    "Gen_Unique_After": 1.0,
    "Gen_EditDist_Before": 0.5088888888888888,
    "Gen_EditDist_After": 0.48444444444444446,
    "Delta_Diversity": -0.02444444444444438,
    "Gen_FirstChar_H_Before": -0.0,
    "Gen_FirstChar_H_After": -0.0,
    "Window_Base": "k in my career.",
    "Window_After": " you feel stuck",
    "Tokens_Base": [
      7,
      15,
      0,
      13,
      18,
      0,
      17,
      26,
      0,
      7,
      5,
      21,
      9,
      9,
      21,
      1
    ],
    "Tokens_After": [
      15,
      0,
      26,
      19,
      24,
      0,
      10,
      9,
      9,
      16,
      0,
      22,
      23,
      24,
      7,
      15
    ],
    "Context_Survival_Base": 0.5925925925925926,
    "Context_Survival_After": 0.27586206896551724,
    "Sample_Continuations_Base": [
      "pppn wppn wwwdwwwwwd",
      "ppn wwwwwwwwwwwwdwwd",
      "ppppppppppn wwwwwwwd"
    ],
    "Sample_Continuations_After": [
      " wan wwwdwan wwwwwdw",
      " wan wan wdwdwwwwdww",
      " wpppn wwwdddddddddw"
    ]
  },
  "WhatIf": {
    "KL_raw": 10.33668501477168,
    "JSD": 0.6907779468767001,
    "Spearman_rho": 0.39573070607553373,
    "TopK_Jaccard": 0.1111111111111111,
    "H_output_before": 0.5475034537552264,
    "H_output_after": 0.01827951024897403,
    "Delta_H_output": -0.5292239435062523,
    "Attn_H_before": 1.6155987135036134,
    "Attn_H_after": 2.5749943245849156,
    "Delta_Attn_H": 0.9593956110813022,
    "Attn_PerHead_JSD": [
      0.1411390424324759,
      0.13427323552643222,
      0.3506257355009096,
      0.3706892066064009
    ],
    "Corpus_Familiarity": 0.7849462365591398,
    "Char_Coverage": 0.9393939393939394,
    "KL_normalized": 8.113742000842286,
    "Gen_Unique_Before": 1.0,
    "Gen_Unique_After": 1.0,
    "Gen_EditDist_Before": 0.5088888888888888,
    "Gen_EditDist_After": 0.32333333333333336,
    "Delta_Diversity": -0.18555555555555547,
    "Gen_FirstChar_H_Before": -0.0,
    "Gen_FirstChar_H_After": -0.0,
    "Window_Base": "k in my career.",
    "Window_After": " protecting you",
    "Tokens_Base": [
      7,
      15,
      0,
      13,
      18,
      0,
      17,
      26,
      0,
      7,
      5,
      21,
      9,
      9,
      21,
      1
    ],
    "Tokens_After": [
      22,
      0,
      20,
      21,
      19,
      23,
      9,
      7,
      23,
      13,
      18,
      11,
      0,
      26,
      19,
      24
    ],
    "Context_Survival_Base": 0.5925925925925926,
    "Context_Survival_After": 0.27586206896551724,
    "Sample_Continuations_Base": [
      "pppn wppn wwwdwwwwwd",
      "ppn wwwwwwwwwwwwdwwd",
      "ppppppppppn wwwwwwwd"
    ],
    "Sample_Continuations_After": [
      "ck wpppn wwpn wpn ww",
      "ck wppn wpn wpn wwdd",
      "ck wpn wppn wwpn wwp"
    ]
  }
}